"top","left","date","qtr","time_remaining","result","shot_type","distance_ft","lead","lebron_team_score","opponent_team_score","opponent"
310,203,19283,2,566,0,3,26,0,2,2,9
213,259,19283,2,518,0,2,16,0,4,5,9
143,171,19283,2,490,0,2,11,0,4,7,9
68,215,19283,2,324,1,2,3,0,12,19,9
66,470,19283,2,62,0,3,23,0,22,23,9
63,239,19283,4,690,1,2,1,0,24,25,9
230,54,19283,4,630,0,3,26,0,24,27,9
53,224,19283,4,605,1,2,2,0,26,27,9
241,67,19283,4,570,0,3,26,0,26,29,9
273,113,19283,4,535,0,3,25,0,26,32,9
62,224,19283,4,426,0,2,2,0,31,39,9
63,249,19283,4,233,1,2,1,0,39,49,9
103,236,19283,4,154,0,2,5,0,39,51,9
54,249,19283,4,108,1,2,1,0,44,53,9
53,240,19283,4,58,0,2,0,0,46,55,9
230,71,19283,5,649,1,3,25,0,58,63,9
231,358,19283,5,540,0,2,21,0,60,70,9
61,240,19283,5,524,1,2,1,0,62,70,9
59,235,19283,5,71,1,2,1,0,68,91,9
299,188,19283,5,6,1,3,25,0,71,91,9
251,397,19283,6,704,0,3,25,0,71,91,9
63,241,19283,6,627,1,2,1,0,75,93,9
290,152,19283,6,589,0,3,25,0,75,93,9
53,240,19283,6,544,1,2,0,0,77,93,9
70,476,19283,6,226,1,3,24,0,96,109,9
324,183,19285,2,630,1,3,28,1,6,3,12
290,166,19285,2,606,0,3,25,1,6,3,12
228,127,19285,2,532,1,2,21,1,8,7,12
78,277,19285,2,367,0,2,4,0,12,14,12
159,197,19285,2,25,0,2,12,0,23,32,12
324,191,19285,4,658,1,3,28,0,28,36,12
313,171,19285,4,588,0,3,27,0,31,38,12
81,235,19285,4,567,0,2,3,0,31,38,12
85,240,19285,4,123,1,2,3,0,50,54,12
91,226,19285,5,472,1,2,4,1,65,63,12
113,243,19285,5,424,0,2,6,1,65,63,12
284,130,19285,5,127,0,3,26,0,69,82,12
105,257,19285,5,59,1,2,6,0,75,83,12
256,72,19285,6,677,0,3,26,0,79,85,12
74,218,19285,6,653,1,2,3,0,81,86,12
327,259,19285,6,572,0,3,27,0,83,86,12
329,418,19285,6,2,0,3,33,0,97,101,12
83,234,19288,2,592,0,2,3,1,4,0,23
53,240,19288,2,592,0,2,0,1,4,0,23
103,242,19288,2,27,1,2,5,0,22,30,23
363,297,19288,4,663,0,3,32,0,24,32,23
240,57,19288,4,498,0,3,26,0,28,40,23
94,243,19288,4,471,1,2,4,0,30,40,23
73,238,19288,4,201,1,2,2,0,43,46,23
325,284,19288,4,55,0,3,28,0,45,51,23
77,247,19288,4,45,1,2,3,0,47,53,23
305,221,19288,5,556,0,3,25,0,54,59,23
68,233,19288,5,543,1,2,2,0,56,59,23
283,348,19288,5,59,1,3,25,1,80,74,23
306,156,19288,5,30,1,3,27,1,83,76,23
383,207,19288,5,0,0,3,33,1,83,78,23
54,246,19288,6,453,1,2,1,1,91,86,23
63,241,19288,6,329,1,2,1,1,95,88,23
68,212,19288,6,282,1,2,3,1,97,90,23
318,283,19288,6,235,0,3,27,1,98,92,23
60,222,19288,6,116,1,2,2,1,102,95,23
254,397,19288,6,52,0,3,26,1,102,99,23
59,242,19288,6,7,1,2,1,0,104,104,23
139,82,19288,6,0,0,2,18,0,104,106,23
298,338,19291,2,1,0,3,26,0,22,26,7
176,38,19291,4,707,1,3,24,0,25,26,7
183,238,19291,4,632,1,2,13,0,28,31,7
325,263,19291,4,590,0,3,27,0,28,31,7
293,140,19291,4,559,0,3,26,0,28,34,7
87,238,19291,4,518,0,2,3,0,30,36,7
66,219,19291,4,395,0,2,2,0,33,38,7
61,243,19291,4,381,1,2,1,0,35,38,7
69,215,19291,5,598,0,2,3,0,56,56,7
79,257,19291,5,454,1,2,3,0,60,66,7
79,277,19291,5,26,1,2,5,0,71,85,7
85,240,19291,6,704,1,2,3,0,73,86,7
82,252,19291,6,677,1,2,3,0,76,86,7
106,197,19291,6,651,0,2,7,0,76,86,7
128,232,19291,6,566,0,2,8,0,76,86,7
303,290,19291,6,536,1,3,26,0,82,89,7
103,235,19291,6,493,0,2,5,0,82,89,7
53,240,19291,6,489,0,2,0,0,82,89,7
225,32,19291,6,421,0,3,27,0,84,96,7
101,12,19291,6,392,0,3,23,0,84,96,7
309,350,19291,6,178,0,3,28,0,90,105,7
247,79,19293,2,682,1,3,25,1,3,2,16
310,248,19293,2,597,0,3,26,0,7,7,16
179,263,19293,2,536,0,2,13,0,7,9,16
67,249,19293,2,379,0,2,2,0,10,19,16
83,280,19293,2,293,0,2,5,0,12,21,16
53,240,19293,2,237,1,2,0,0,16,21,16
53,240,19293,4,525,1,2,0,0,31,35,16
58,236,19293,4,411,1,2,1,0,34,39,16
94,257,19293,4,342,0,2,4,0,37,42,16
82,251,19293,4,115,0,2,3,0,45,49,16
61,241,19293,4,35,1,2,1,0,50,52,16
63,244,19293,4,6,1,2,1,0,52,52,16
62,12,19293,5,644,0,3,23,0,52,54,16
56,238,19293,5,573,1,2,0,1,57,56,16
46,122,19293,5,442,0,2,12,0,57,61,16
305,221,19293,5,355,0,3,25,0,61,63,16
56,263,19293,5,334,0,2,2,0,61,65,16
53,240,19293,5,332,0,2,0,0,61,65,16
57,238,19293,6,618,1,2,0,0,79,83,16
56,236,19293,6,594,0,2,1,0,80,83,16
226,59,19293,6,585,0,3,25,0,80,83,16
314,102,19293,6,538,0,3,30,0,80,86,16
128,314,19293,6,484,1,2,11,0,82,88,16
62,250,19293,6,429,1,2,1,0,84,90,16
74,262,19295,2,681,0,2,3,0,0,0,7
67,233,19295,2,553,0,2,2,0,3,8,7
67,226,19295,2,489,0,2,2,0,7,11,7
67,253,19295,2,313,0,2,2,0,15,20,7
66,245,19295,2,6,1,2,1,0,26,31,7
66,260,19295,4,612,0,2,2,0,26,33,7
87,262,19295,4,582,0,2,4,0,28,35,7
66,229,19295,4,578,1,2,2,0,30,35,7
130,468,19295,4,432,1,3,24,0,38,41,7
89,222,19295,4,99,0,2,4,1,51,49,7
160,127,19295,4,93,1,2,16,1,53,49,7
301,287,19295,4,49,0,3,25,1,53,49,7
178,103,19295,5,685,1,2,19,1,57,53,7
60,248,19295,5,661,1,2,1,1,59,56,7
57,254,19295,5,600,1,2,1,1,61,59,7
59,258,19295,5,551,0,2,2,0,62,62,7
65,221,19295,5,512,0,2,2,0,64,64,7
83,400,19295,5,504,1,2,16,1,66,64,7
327,163,19295,5,405,0,3,28,0,67,71,7
306,202,19295,6,502,1,3,26,1,104,95,7
98,71,19295,6,393,1,2,18,1,108,99,7
254,33,19295,6,140,0,3,29,1,113,106,7
310,204,19298,2,604,0,3,26,0,2,2,17
67,246,19298,2,481,1,2,2,1,6,4,17
318,181,19298,2,58,0,3,27,0,20,22,17
213,187,19298,4,690,1,2,17,0,25,29,17
73,244,19298,4,561,1,2,2,0,29,33,17
249,384,19298,4,199,0,3,24,0,39,42,17
60,236,19298,4,117,1,2,1,1,46,44,17
77,249,19298,5,667,1,2,3,1,60,44,17
307,333,19298,5,603,0,3,27,1,60,49,17
78,247,19298,5,507,1,2,3,1,66,53,17
110,249,19298,5,143,0,2,6,1,76,69,17
112,101,19298,5,69,0,2,15,0,76,77,17
72,249,19298,5,40,1,2,2,1,80,77,17
208,367,19298,6,663,0,2,20,1,84,81,17
284,373,19298,6,444,0,3,27,1,96,95,17
86,240,19298,6,182,1,2,3,0,105,105,17
304,120,19298,6,89,0,3,28,1,106,105,17
82,158,19298,6,11,0,2,9,0,108,109,17
74,223,19298,1,284,0,2,3,0,111,111,17
72,255,19298,1,203,0,2,2,1,114,113,17
77,243,19298,1,116,1,2,2,1,120,115,17
309,151,19298,1,76,0,3,27,1,120,115,17
229,310,19298,1,14,0,2,19,1,120,117,17
279,358,19300,2,482,0,3,26,0,10,12,26
282,337,19300,2,347,0,3,25,0,19,20,26
137,337,19300,2,20,0,2,13,0,34,38,26
60,478,19300,4,632,0,3,24,0,36,44,26
83,233,19300,4,628,1,2,3,0,38,44,26
319,220,19300,4,563,0,3,27,0,41,44,26
216,309,19300,4,432,1,2,18,0,48,50,26
68,272,19300,4,168,0,2,4,0,56,68,26
53,240,19300,4,164,1,2,0,0,58,68,26
127,226,19300,4,23,0,2,8,0,62,75,26
69,242,19300,5,589,1,2,2,0,66,78,26
93,219,19300,5,515,0,2,5,0,69,81,26
71,242,19300,5,469,1,2,2,0,71,85,26
65,238,19300,5,361,1,2,1,0,80,88,26
93,244,19300,6,532,0,2,4,0,101,108,26
117,234,19300,6,473,0,2,6,0,103,111,26
78,221,19300,6,398,0,2,3,0,103,111,26
61,243,19300,6,373,1,2,1,0,105,113,26
283,117,19300,6,131,0,3,26,0,113,126,26
76,239,19302,2,619,1,2,2,1,7,0,5
79,257,19302,2,592,1,2,3,1,9,2,5
128,408,19302,2,364,0,2,18,1,17,9,5
69,240,19302,2,345,1,2,2,1,19,9,5
207,162,19302,4,688,0,2,17,1,36,32,5
294,148,19302,4,611,0,3,26,1,38,34,5
84,248,19302,4,588,1,2,3,1,40,34,5
328,258,19302,4,567,0,3,28,1,40,34,5
61,250,19302,4,562,0,2,1,1,40,34,5
68,244,19302,4,332,1,2,2,1,51,44,5
225,169,19302,4,93,1,2,19,1,61,53,5
219,379,19302,4,23,0,2,22,1,64,58,5
73,237,19302,5,685,1,2,2,1,66,60,5
62,237,19302,5,427,1,2,1,0,72,72,5
85,53,19302,5,384,0,2,19,0,74,75,5
111,223,19302,5,358,1,2,6,0,76,77,5
98,244,19302,5,305,0,2,5,0,76,77,5
83,242,19302,5,285,1,2,3,1,78,77,5
113,227,19302,5,232,1,2,6,1,80,77,5
106,363,19302,5,126,0,2,13,0,80,82,5
260,376,19302,6,488,0,3,25,0,85,98,5
78,240,19302,6,372,1,2,3,0,89,102,5
290,147,19302,6,338,1,3,25,0,92,104,5
60,244,19305,2,646,1,2,1,0,2,3,12
312,284,19305,2,561,1,3,26,1,10,6,12
123,12,19305,2,342,1,3,24,0,13,16,12
245,252,19305,4,604,1,2,19,0,28,43,12
127,455,19305,4,556,1,2,23,0,30,45,12
114,223,19305,4,500,1,2,6,0,32,46,12
83,140,19305,4,397,0,2,10,0,34,46,12
143,326,19305,4,127,0,2,12,0,49,52,12
299,119,19305,4,93,0,3,27,0,50,52,12
233,56,19305,5,678,0,3,26,0,52,57,12
91,256,19305,5,627,0,2,4,0,52,59,12
54,249,19305,5,598,1,2,1,0,54,61,12
177,160,19305,5,442,0,2,15,0,56,67,12
122,123,19305,5,438,0,2,14,0,56,67,12
69,263,19305,5,28,1,2,3,0,75,84,12
57,244,19305,6,647,1,2,1,0,79,89,12
322,223,19305,6,613,1,3,27,0,82,92,12
270,399,19305,6,535,0,3,27,0,84,95,12
321,252,19305,6,494,1,3,27,0,87,97,12
288,117,19305,6,467,0,3,27,0,87,97,12
118,193,19305,6,403,1,2,8,0,89,99,12
303,134,19305,6,372,0,3,27,0,89,101,12
123,102,19321,2,703,1,2,16,1,2,0,25
118,211,19321,2,642,0,2,7,1,5,2,25
308,268,19321,4,690,0,3,26,1,33,21,25
282,119,19321,4,662,1,3,26,1,36,23,25
48,466,19321,4,627,0,3,23,1,36,26,25
213,384,19321,4,538,0,2,22,1,38,28,25
56,223,19321,4,131,1,2,2,1,53,37,25
51,222,19321,4,38,1,2,2,1,59,39,25
58,232,19321,5,550,0,2,1,1,68,50,25
62,241,19321,5,288,1,2,1,1,77,63,25
57,242,19321,6,485,1,2,0,1,88,78,25
58,248,19321,6,469,1,2,1,1,90,78,25
315,166,19321,6,381,0,3,27,1,92,80,25
59,227,19321,6,268,0,2,1,1,95,85,25
53,232,19321,6,243,1,2,1,1,99,87,25
206,369,19321,6,208,0,2,20,1,99,87,25
36,56,19321,6,110,0,2,18,1,103,90,25
320,338,19322,2,574,1,3,29,1,10,8,25
158,83,19322,2,523,0,2,19,1,12,10,25
69,2,19322,2,471,0,3,24,0,12,12,25
172,107,19322,2,313,0,2,18,0,16,24,25
131,237,19322,4,713,0,2,8,0,33,34,25
320,161,19322,4,591,1,3,28,0,38,43,25
323,228,19322,4,425,1,3,27,0,44,52,25
303,333,19322,4,399,0,3,27,0,44,52,25
277,107,19322,4,106,1,3,26,1,65,62,25
57,240,19322,4,55,1,2,0,1,70,64,25
353,179,19322,4,1,0,3,31,1,70,68,25
92,220,19322,5,664,0,2,4,1,72,68,25
95,158,19322,5,505,0,2,9,1,80,76,25
283,62,19322,5,473,0,3,29,1,80,78,25
59,222,19322,5,400,1,2,2,1,82,78,25
313,256,19322,5,186,1,3,26,1,94,90,25
297,346,19322,6,599,1,3,27,1,116,103,25
308,235,19322,6,536,1,3,26,1,119,105,25
61,212,19322,6,513,1,2,3,1,121,105,25
66,246,19322,6,189,1,2,1,1,134,122,25
311,252,19322,6,85,0,3,26,1,140,133,25
277,219,19324,2,698,1,2,23,1,2,0,11
293,156,19324,2,636,1,3,26,1,7,0,11
333,224,19324,2,591,0,3,28,1,7,3,11
77,472,19324,2,451,1,3,23,1,16,12,11
83,247,19324,2,420,0,2,3,1,16,12,11
304,140,19324,4,567,0,3,27,1,38,34,11
153,478,19324,4,472,0,3,26,1,38,36,11
73,237,19324,4,407,1,2,2,1,42,39,11
310,308,19324,4,259,0,3,27,0,46,47,11
55,216,19324,4,213,1,2,2,0,50,50,11
46,177,19324,4,53,0,2,6,1,57,54,11
277,358,19324,5,685,0,3,25,1,62,56,11
328,200,19324,5,663,0,3,28,1,62,58,11
303,105,19324,5,588,1,3,28,1,67,61,11
108,221,19324,6,577,0,2,6,1,101,84,11
129,379,19324,6,522,0,2,16,1,101,87,11
70,179,19324,6,465,0,2,6,1,101,91,11
54,358,19324,6,395,0,2,12,1,103,96,11
64,248,19324,6,312,1,2,1,1,107,96,11
328,253,19324,6,270,0,3,28,1,107,96,11
93,233,19324,6,136,0,2,4,1,110,106,11
76,270,19324,6,20,1,2,4,1,115,113,11
74,238,19326,2,606,1,2,2,0,2,3,23
329,338,19326,4,644,1,3,29,1,29,24,23
66,70,19326,4,562,1,2,17,1,33,27,23
141,268,19326,4,546,1,2,9,1,35,27,23
334,237,19326,4,347,1,3,28,1,44,39,23
293,130,19326,4,55,1,3,26,1,61,55,23
67,237,19326,4,35,1,2,1,1,63,57,23
302,98,19326,4,29,0,3,29,1,63,60,23
117,168,19326,5,477,0,2,10,1,73,66,23
53,240,19326,5,402,0,2,0,1,78,68,23
53,240,19326,5,401,1,2,0,1,80,68,23
279,384,19326,5,361,1,3,27,1,83,68,23
322,227,19326,6,607,1,3,27,1,102,86,23
227,50,19326,6,557,0,3,26,1,102,90,23
64,263,19326,6,504,1,2,3,1,107,94,23
190,31,19326,6,387,1,3,25,1,117,98,23
101,318,19326,6,320,0,2,9,1,118,101,23
116,246,19326,6,178,0,2,6,1,120,107,23
240,313,19328,2,641,0,2,20,0,1,2,15
75,253,19328,2,347,0,2,3,0,17,17,15
73,226,19328,4,694,1,2,2,1,35,31,15
70,238,19328,4,626,1,2,2,1,39,34,15
218,358,19328,4,583,0,2,20,1,39,34,15
75,248,19328,4,555,1,2,2,1,41,34,15
52,108,19328,4,516,0,2,13,1,41,37,15
80,257,19328,4,418,1,2,3,1,51,41,15
175,142,19328,4,286,1,2,16,1,59,47,15
79,238,19328,4,66,0,2,3,1,62,53,15
37,351,19328,5,650,0,2,11,1,66,61,15
231,44,19328,5,601,1,3,26,1,71,66,15
256,401,19328,5,433,0,3,26,1,77,76,15
39,242,19328,5,272,1,2,1,1,91,83,15
64,259,19328,6,683,0,2,2,1,101,99,15
77,228,19328,6,632,0,2,3,1,103,101,15
52,237,19328,6,607,1,2,0,1,107,103,15
126,166,19328,6,568,1,2,10,1,109,106,15
128,192,19328,6,543,0,2,9,1,109,106,15
120,4,19328,6,453,0,3,25,1,112,110,15
80,255,19328,6,440,0,2,3,1,112,110,15
74,304,19328,6,352,0,2,7,0,114,114,15
74,281,19328,6,319,1,2,5,1,118,117,15
259,70,19328,6,237,1,3,27,1,125,123,15
308,328,19328,6,202,1,3,27,1,128,125,15
273,83,19328,6,161,0,3,27,1,128,125,15
58,92,19328,6,83,0,2,15,1,130,127,15
208,41,19330,2,618,1,3,25,1,10,4,27
309,263,19330,2,492,0,3,26,1,10,9,27
61,222,19330,2,401,1,2,2,0,12,15,27
121,309,19330,2,372,1,2,10,0,14,15,27
67,240,19330,2,349,1,2,1,1,16,15,27
62,227,19330,2,307,0,2,2,1,18,15,27
261,57,19330,2,293,0,3,28,1,18,15,27
287,52,19330,4,650,1,3,30,1,39,29,27
248,52,19330,4,530,0,3,27,1,44,33,27
79,236,19330,4,104,1,2,3,1,65,45,27
83,325,19330,4,53,0,2,9,1,68,47,27
52,262,19330,5,674,0,2,2,1,68,52,27
74,167,19330,5,623,1,2,8,1,73,52,27
67,267,19330,5,584,0,2,3,1,73,52,27
68,252,19330,5,481,1,2,2,1,81,54,27
68,80,19330,6,682,0,2,16,1,105,81,27
62,226,19330,6,648,1,2,2,1,107,83,27
282,389,19330,6,641,0,3,27,1,107,83,27
68,207,19330,6,547,1,2,4,1,109,92,27
66,186,19330,6,519,0,2,6,1,109,92,27
72,244,19330,6,212,1,2,2,1,125,107,27
128,243,19330,6,180,0,2,8,1,125,107,27
116,242,19330,6,177,0,2,6,1,125,107,27
69,215,19330,6,168,1,2,3,1,127,109,27
82,215,19330,6,93,0,2,4,1,127,115,27
310,154,19330,6,61,0,3,27,1,129,115,27
57,237,19332,2,677,1,2,1,0,2,2,5
54,244,19332,2,549,0,2,0,0,3,10,5
333,101,19332,2,453,1,3,31,0,9,12,5
364,158,19332,2,420,0,3,32,0,9,12,5
282,54,19332,2,6,0,3,30,0,24,25,5
57,250,19332,4,583,0,2,1,0,30,35,5
148,182,19332,4,577,1,2,11,0,32,35,5
67,249,19332,4,444,1,2,2,1,41,38,5
245,245,19332,4,390,1,2,19,1,43,40,5
261,215,19332,4,330,0,2,21,1,45,42,5
67,233,19332,5,558,1,2,2,0,60,65,5
60,241,19332,5,526,0,2,1,0,60,65,5
242,66,19332,5,403,1,3,26,0,68,68,5
70,237,19332,5,87,1,2,2,0,79,81,5
235,63,19332,5,22,0,3,25,0,83,83,5
70,113,19332,5,0,0,2,13,0,83,85,5
293,117,19332,6,431,0,3,27,0,92,97,5
228,217,19335,2,607,0,2,18,0,2,4,21
120,263,19335,2,428,0,2,7,1,9,8,21
346,268,19335,2,348,0,3,29,1,9,8,21
325,218,19335,2,176,0,3,27,0,12,17,21
53,169,19335,2,154,0,2,7,0,12,19,21
309,351,19335,2,134,0,3,28,0,12,21,21
166,293,19335,2,77,1,2,13,0,14,24,21
97,219,19335,2,50,0,2,5,0,14,26,21
78,476,19335,2,44,1,3,24,0,17,26,21
55,92,19335,4,453,1,2,15,0,36,36,21
51,240,19335,4,428,1,2,0,1,38,36,21
56,248,19335,4,92,1,2,1,1,58,54,21
326,282,19335,5,702,0,3,28,0,59,61,21
67,242,19335,5,563,1,2,1,0,67,69,21
321,313,19335,5,543,0,3,28,0,67,71,21
60,243,19335,5,342,1,2,1,0,77,79,21
60,240,19335,5,280,1,2,1,0,79,82,21
67,332,19335,6,441,0,2,9,0,91,104,21
93,17,19335,6,116,0,3,23,0,105,115,21
83,231,19335,6,67,1,2,3,0,109,115,21
83,244,19335,1,286,0,2,3,0,120,120,21
323,353,19335,1,142,0,3,29,0,120,127,21
131,332,19337,2,696,0,2,12,0,0,0,8
69,353,19337,2,575,0,2,11,0,4,4,8
319,217,19337,2,508,1,3,27,1,10,4,8
83,476,19337,2,410,0,3,24,1,13,5,8
54,72,19337,2,373,1,2,17,1,15,5,8
210,162,19337,4,680,1,2,18,1,34,26,8
68,265,19337,4,594,1,2,3,1,36,28,8
88,241,19337,4,550,1,2,4,1,38,30,8
64,306,19337,4,509,1,2,7,1,40,33,8
200,97,19337,4,467,1,2,21,1,42,35,8
45,355,19337,4,374,0,2,12,1,47,37,8
173,374,19337,4,287,1,2,18,1,53,39,8
120,478,19337,5,539,0,3,25,1,68,60,8
284,363,19337,5,295,1,3,26,1,80,72,8
108,233,19337,5,256,0,2,6,1,80,75,8
56,253,19337,6,606,1,2,1,1,100,94,8
230,57,19337,6,534,0,3,26,1,103,96,8
208,243,19337,6,392,0,2,16,1,109,102,8
45,120,19337,6,357,0,2,12,1,109,104,8
51,216,19337,6,336,1,2,2,1,111,104,8
65,231,19337,6,244,1,2,2,1,114,106,8
51,119,19337,6,179,1,2,12,1,116,108,8
63,252,19337,6,127,1,2,2,1,119,111,8
250,73,19337,6,72,0,3,26,1,119,113,8
70,273,19339,2,588,0,2,4,0,5,7,2
84,249,19339,2,302,1,2,3,0,13,21,2
73,238,19339,4,702,1,2,2,0,26,37,2
97,223,19339,4,555,1,2,5,0,34,47,2
68,216,19339,4,427,1,2,3,0,40,52,2
58,240,19339,4,414,1,2,1,0,42,52,2
238,54,19339,4,302,0,3,26,0,45,54,2
375,305,19339,4,1,0,3,33,0,50,65,2
308,149,19339,5,632,1,3,27,0,55,68,2
293,136,19339,5,570,0,3,26,0,57,70,2
236,189,19339,5,463,1,2,19,0,61,79,2
58,240,19339,5,51,1,2,1,0,78,88,2
67,241,19339,5,34,0,2,1,0,78,88,2
71,142,19339,6,669,0,2,10,0,82,88,2
63,256,19339,6,635,1,2,2,0,84,88,2
314,248,19339,6,535,1,3,26,1,92,88,2
333,250,19339,6,500,0,3,28,1,92,88,2
268,379,19339,6,364,1,3,26,1,101,93,2
54,244,19339,6,322,1,2,0,1,103,93,2
333,120,19339,6,232,0,3,31,1,106,93,2
145,202,19339,6,132,1,2,10,1,110,103,2
308,222,19339,6,59,0,3,26,1,110,105,2
293,118,19339,6,0,0,3,27,0,110,110,2
290,378,19339,1,168,0,3,27,0,114,115,2
63,249,19339,1,48,1,2,1,0,116,122,2
89,248,19342,2,639,1,2,4,0,6,6,7
36,468,19342,2,357,0,3,23,1,18,15,7
69,245,19342,2,353,1,2,2,1,20,15,7
88,237,19342,2,240,0,2,4,1,25,22,7
96,240,19342,4,689,0,2,4,0,33,34,7
307,200,19342,4,539,1,3,26,1,46,37,7
122,73,19342,4,472,0,2,18,1,46,41,7
283,129,19342,4,427,0,3,26,1,46,45,7
73,236,19342,4,65,1,2,2,0,60,62,7
69,233,19342,4,43,1,2,2,0,62,62,7
67,238,19342,4,27,1,2,1,1,64,62,7
69,242,19342,5,661,1,2,2,0,66,67,7
288,355,19342,5,424,0,3,26,0,70,79,7
69,242,19342,5,420,1,2,2,0,72,79,7
88,226,19342,5,41,1,2,4,1,90,88,7
76,254,19342,6,310,1,2,3,1,114,97,7
240,275,19342,6,274,1,2,19,1,116,100,7
119,108,19342,6,231,1,2,15,1,118,102,7
65,241,19342,6,215,1,2,1,1,120,102,7
206,115,19342,6,179,0,2,20,1,120,102,7
293,156,19344,2,654,0,3,26,1,2,0,27
146,131,19344,2,609,0,2,14,1,4,2,27
63,243,19344,2,474,1,2,1,1,11,9,27
68,261,19344,2,397,1,2,3,1,16,12,27
196,116,19344,2,370,1,2,19,1,18,12,27
219,337,19344,4,696,0,2,19,1,30,29,27
76,214,19344,4,615,1,2,3,0,34,34,27
180,344,19344,4,533,1,2,16,1,40,37,27
55,241,19344,4,425,1,2,0,1,47,39,27
237,233,19344,4,244,0,2,18,1,52,45,27
83,261,19344,4,60,1,2,4,1,63,52,27
99,108,19344,5,702,0,2,14,1,66,52,27
184,124,19344,5,427,0,2,18,1,73,64,27
96,280,19344,5,301,1,2,6,1,79,71,27
288,385,19344,6,648,0,3,28,0,87,95,27
73,257,19344,6,627,1,2,3,0,89,95,27
256,76,19344,6,503,1,3,26,1,98,95,27
224,205,19344,6,446,0,2,18,1,98,97,27
84,216,19344,6,321,0,2,4,1,103,102,27
74,234,19344,6,309,1,2,2,1,105,102,27
89,213,19344,6,238,0,2,5,1,109,104,27
108,259,19344,6,215,1,2,6,1,111,104,27
307,140,19344,6,42,0,3,27,1,115,113,27
61,237,19344,6,27,1,2,1,1,117,115,27
289,175,19347,2,671,0,3,25,1,3,0,24
57,222,19347,2,638,1,2,2,1,5,0,24
261,161,19347,2,533,1,2,22,1,11,7,24
198,77,19347,2,398,1,2,22,1,13,12,24
58,187,19347,2,376,0,2,5,1,13,12,24
161,242,19347,4,686,1,2,11,0,28,28,24
258,77,19347,4,634,0,3,26,0,30,30,24
62,111,19347,4,599,0,2,13,0,30,32,24
83,236,19347,4,551,1,2,3,0,32,34,24
136,176,19347,4,440,1,2,11,0,40,41,24
105,137,19347,4,182,0,2,12,0,47,54,24
54,220,19347,4,115,1,2,2,0,52,58,24
62,242,19347,4,98,1,2,1,0,54,58,24
94,309,19347,5,688,1,2,8,0,60,68,24
218,238,19347,5,575,0,2,17,0,64,75,24
121,403,19347,5,374,0,2,18,0,71,82,24
59,205,19347,6,555,0,2,4,0,94,110,24
315,219,19347,6,425,0,3,26,0,100,121,24
67,211,19347,6,397,1,2,3,0,102,123,24
68,237,19347,6,199,1,2,2,0,110,126,24
295,152,19347,6,153,0,3,26,0,113,129,24
68,373,19349,2,655,1,2,13,0,2,3,4
297,147,19349,2,593,0,3,26,0,2,5,4
105,266,19349,2,524,0,2,6,0,5,6,4
94,398,19349,2,522,1,2,16,1,7,6,4
67,224,19349,2,494,1,2,2,1,9,6,4
125,265,19349,4,662,0,2,8,0,31,33,4
113,413,19349,4,629,0,2,18,0,31,36,4
84,12,19349,4,511,0,3,23,0,34,42,4
322,247,19349,4,486,1,3,27,0,37,44,4
81,226,19349,4,138,1,2,3,0,55,58,4
304,137,19349,4,3,1,3,27,0,67,67,4
213,119,19349,5,543,1,2,20,0,69,77,4
239,415,19349,5,493,0,3,26,0,69,80,4
169,137,19349,6,661,0,2,16,0,89,99,4
58,240,19349,6,513,1,2,1,0,100,107,4
318,256,19349,6,486,0,3,27,0,100,107,4
300,296,19349,6,411,1,3,25,0,103,112,4
70,222,19349,6,348,1,2,2,0,109,114,4
80,218,19349,6,292,1,2,4,0,111,114,4
236,423,19349,6,267,1,3,26,0,114,117,4
69,248,19349,6,148,1,2,2,0,121,124,4
65,237,19349,6,112,1,2,1,0,123,126,4
62,243,19349,6,42,1,2,1,0,130,130,4
58,255,19351,2,678,0,2,2,1,3,0,6
157,213,19351,2,615,1,2,11,1,7,5,6
72,237,19351,2,600,1,2,2,1,9,5,6
253,125,19351,2,519,0,2,23,1,11,6,6
73,217,19351,2,500,1,2,3,1,13,6,6
79,207,19351,2,471,1,2,4,1,15,6,6
54,86,19351,2,373,1,2,15,1,19,9,6
323,374,19351,2,2,0,3,30,1,28,21,6
62,228,19351,4,687,1,2,1,1,30,24,6
320,222,19351,4,626,0,3,27,1,30,24,6
153,205,19351,4,465,0,2,11,1,37,28,6
123,234,19351,4,441,1,2,7,1,39,30,6
68,221,19351,4,416,1,2,2,1,41,30,6
46,85,19351,4,376,0,2,16,1,41,30,6
72,340,19351,4,212,1,2,10,1,43,35,6
180,68,19351,5,633,1,2,21,1,56,46,6
256,87,19351,5,569,0,3,25,1,58,49,6
183,382,19351,5,418,1,2,19,1,63,60,6
175,394,19351,6,559,1,2,20,0,87,99,6
213,168,19351,6,499,0,2,18,0,87,101,6
80,236,19351,6,477,1,2,3,0,89,101,6
253,82,19351,6,233,0,3,26,0,103,119,6
62,252,19351,6,220,0,2,1,0,103,121,6
178,124,19353,2,621,0,2,17,0,0,1,20
37,399,19353,2,592,1,2,16,0,3,3,20
251,84,19353,2,434,0,3,25,1,8,7,20
66,244,19353,2,300,1,2,1,1,18,15,20
152,423,19353,2,271,0,2,21,0,18,18,20
74,212,19353,4,693,1,2,4,1,35,27,20
69,246,19353,4,615,1,2,2,1,37,31,20
318,262,19353,4,567,0,3,27,1,39,31,20
262,87,19353,4,422,0,3,26,1,47,39,20
80,249,19353,4,86,1,2,3,1,63,51,20
75,340,19353,5,624,1,2,10,1,70,59,20
277,97,19353,5,572,0,3,27,1,72,60,20
128,218,19353,5,551,0,2,8,1,72,60,20
305,112,19353,5,488,0,3,28,1,73,63,20
118,473,19353,5,457,0,3,24,1,73,66,20
71,266,19353,5,425,1,2,3,1,75,68,20
57,248,19353,5,381,1,2,1,1,79,68,20
74,265,19353,5,356,0,2,3,1,79,68,20
69,266,19353,5,207,1,2,3,1,86,77,20
141,208,19353,5,179,1,2,9,1,88,77,20
223,442,19353,6,383,0,3,26,1,109,96,20
78,403,19353,6,370,0,2,17,1,109,96,20
69,261,19353,6,313,1,2,3,1,113,98,20
75,221,19353,6,199,1,2,3,1,118,103,20
141,333,19354,2,683,1,2,13,1,2,0,14
338,220,19354,2,620,0,3,29,1,5,3,14
279,122,19354,2,568,1,3,26,1,8,7,14
208,132,19354,2,453,1,2,19,0,10,13,14
263,84,19354,2,418,1,3,26,0,13,13,14
77,77,19354,4,523,0,2,17,0,33,37,14
67,240,19354,4,473,1,2,1,0,37,37,14
145,222,19354,4,131,0,2,9,0,48,53,14
307,262,19354,4,56,0,3,26,0,50,56,14
72,224,19354,5,532,1,2,2,0,57,68,14
268,88,19354,5,444,0,3,26,0,58,73,14
56,252,19354,5,394,1,2,1,0,60,73,14
52,252,19354,6,596,1,2,1,0,83,95,14
61,221,19354,6,524,1,2,2,0,88,98,14
64,259,19354,6,465,0,2,2,0,90,102,14
57,257,19354,6,449,0,2,2,0,92,102,14
59,205,19354,6,326,0,2,4,0,92,105,14
58,257,19354,6,297,1,2,2,0,94,105,14
213,221,19356,2,651,0,2,16,1,2,0,1
144,77,19356,2,612,0,2,19,0,2,2,1
59,474,19356,2,581,0,3,23,0,2,4,1
59,237,19356,2,539,1,2,1,0,4,6,1
80,263,19356,2,290,0,2,4,0,12,18,1
123,249,19356,4,699,0,2,7,0,23,33,1
303,313,19356,4,655,1,3,26,0,26,36,1
67,242,19356,4,488,1,2,1,0,32,43,1
172,291,19356,4,365,0,2,13,0,39,52,1
61,239,19356,4,282,1,2,1,0,47,57,1
71,238,19356,4,214,1,2,2,0,53,59,1
69,239,19356,4,48,1,2,2,0,60,67,1
67,239,19356,4,22,1,2,1,0,62,67,1
62,338,19356,5,602,1,2,10,0,66,69,1
53,240,19356,5,471,1,2,0,0,68,74,1
52,242,19356,5,441,1,2,0,0,70,77,1
48,235,19356,5,266,1,2,1,1,82,81,1
53,242,19356,5,194,0,2,0,1,84,83,1
53,240,19356,5,191,1,2,0,1,86,83,1
54,236,19356,5,143,1,2,0,1,91,87,1
168,468,19356,6,637,1,3,26,1,103,101,1
274,123,19356,6,449,1,3,25,1,108,105,1
389,212,19356,6,402,0,3,34,1,108,105,1
67,108,19356,6,346,0,2,13,1,108,107,1
285,142,19356,6,223,1,3,25,1,117,113,1
54,212,19356,6,138,1,2,3,1,119,113,1
74,283,19356,6,103,1,2,5,1,122,116,1
113,210,19359,2,527,1,2,7,1,9,5,4
210,254,19359,2,466,1,2,16,1,14,5,4
309,216,19359,2,439,0,3,26,1,14,7,4
243,414,19359,2,333,0,3,26,1,18,12,4
72,257,19359,2,292,0,2,3,1,18,12,4
71,254,19359,4,574,1,2,2,1,31,21,4
82,312,19359,4,547,1,2,8,1,34,21,4
209,233,19359,4,511,0,2,16,1,34,21,4
331,243,19359,4,497,0,3,28,1,34,21,4
64,245,19359,4,481,1,2,1,1,36,21,4
63,281,19359,4,393,1,2,4,1,38,24,4
63,223,19359,4,271,1,2,2,1,43,31,4
69,236,19359,4,105,1,2,2,1,52,39,4
205,122,19359,4,32,1,2,19,1,56,45,4
73,172,19359,5,706,1,2,7,1,62,45,4
61,228,19359,5,635,0,2,1,1,64,47,4
179,119,19359,5,595,1,2,18,1,66,47,4
68,223,19359,5,518,1,2,2,1,73,50,4
223,155,19359,5,488,0,2,19,1,74,53,4
59,233,19359,5,456,1,2,1,1,76,54,4
105,191,19359,5,221,1,2,7,1,85,68,4
267,98,19359,6,557,0,3,26,1,95,84,4
58,226,19359,6,468,1,2,2,1,101,88,4
302,217,19359,6,409,0,3,25,1,101,91,4
128,112,19359,6,183,0,2,15,1,107,96,4
68,254,19359,6,121,1,2,2,1,112,100,4
163,385,19363,2,595,0,2,18,1,9,2,1
78,292,19363,2,518,0,2,6,1,12,6,1
87,239,19363,2,370,1,2,3,1,20,13,1
98,258,19363,2,247,1,2,5,1,26,17,1
276,90,19363,2,12,0,3,27,1,37,28,1
72,254,19363,4,554,0,2,2,1,45,30,1
79,248,19363,4,540,1,2,3,1,47,30,1
81,247,19363,4,201,1,2,3,1,62,36,1
288,335,19363,4,140,0,3,25,1,62,37,1
93,52,19363,5,690,0,2,19,1,70,49,1
250,79,19363,5,582,0,3,25,1,73,57,1
258,404,19363,5,510,0,3,26,1,76,59,1
318,220,19363,5,415,1,3,27,1,81,66,1
86,237,19363,5,271,1,2,3,1,88,71,1
216,212,19363,6,677,0,2,17,1,98,85,1
76,240,19363,6,532,1,2,2,1,106,90,1
73,244,19363,6,499,1,2,2,1,108,90,1
74,241,19363,6,449,1,2,2,1,113,92,1
83,248,19363,6,386,1,2,3,1,115,96,1
64,226,19364,2,612,0,2,2,1,7,4,24
294,166,19364,2,406,1,3,25,1,17,13,24
264,106,19364,2,375,0,3,25,1,17,16,24
300,196,19364,2,340,0,3,25,1,17,16,24
67,189,19364,4,667,0,2,5,0,37,40,24
98,278,19364,4,611,1,2,6,0,41,46,24
146,252,19364,4,572,1,2,9,0,44,46,24
170,262,19364,4,550,0,2,12,0,44,46,24
57,246,19364,4,511,1,2,1,1,48,46,24
62,476,19364,4,446,0,3,24,0,50,50,24
58,221,19364,4,392,1,2,2,0,52,54,24
63,267,19364,4,344,0,2,3,0,52,60,24
57,225,19364,4,172,1,2,2,0,64,64,24
77,269,19364,4,117,0,2,4,0,66,66,24
53,10,19364,5,660,0,3,23,0,75,78,24
51,258,19364,5,631,0,2,2,0,75,81,24
63,253,19364,5,607,1,2,2,0,79,81,24
66,215,19364,5,433,1,2,3,0,87,90,24
92,222,19364,5,291,0,2,4,0,96,97,24
66,247,19364,5,266,1,2,1,1,98,97,24
66,223,19364,5,1,1,2,2,0,109,109,24
312,201,19364,6,620,0,3,26,1,113,111,24
58,259,19364,6,560,1,2,2,1,117,111,24
68,217,19364,6,426,1,2,3,1,122,113,24
74,197,19364,6,238,0,2,5,0,126,126,24
116,229,19364,6,215,1,2,6,0,128,128,24
48,378,19364,6,132,0,2,14,0,130,130,24
56,263,19364,6,48,1,2,2,0,132,132,24
74,238,19369,2,697,1,2,2,1,2,0,6
65,177,19369,2,601,0,2,6,0,2,4,6
88,200,19369,2,574,0,2,5,0,2,4,6
89,240,19369,2,571,1,2,4,0,4,4,6
69,276,19369,2,294,0,2,4,0,10,19,6
323,141,19369,4,576,0,3,29,0,27,40,6
81,234,19369,4,504,1,2,3,0,32,40,6
81,242,19369,4,470,1,2,3,0,34,43,6
134,268,19369,4,429,0,2,9,0,34,43,6
83,255,19369,4,151,0,2,3,0,46,55,6
214,132,19369,5,589,0,2,19,0,52,65,6
53,240,19369,5,419,1,2,0,0,59,71,6
68,236,19369,5,365,1,2,2,0,63,73,6
117,235,19369,5,304,0,2,6,0,63,77,6
91,3,19369,5,151,0,3,24,0,70,79,6
148,265,19369,5,112,0,2,10,0,72,81,6
88,240,19369,5,108,1,2,4,0,74,81,6
55,262,19369,6,403,0,2,2,0,87,89,6
63,238,19369,6,330,1,2,1,0,89,91,6
296,162,19369,6,289,0,3,26,0,89,93,6
53,240,19369,6,207,1,2,0,0,91,95,6
68,236,19369,6,42,0,2,2,1,99,98,6
303,111,19369,1,38,0,3,28,0,108,108,6
63,218,19369,1,0,0,2,2,0,108,108,6
286,96,19369,3,225,0,3,27,0,108,110,6
83,214,19369,3,97,0,2,4,0,113,116,6
238,413,19369,3,20,0,3,25,0,115,118,6
359,207,19369,3,7,0,3,31,0,115,119,6
88,172,19372,2,702,1,2,8,1,2,0,21
166,28,19372,2,618,0,3,24,0,2,3,21
63,238,19372,2,528,1,2,1,0,6,7,21
194,202,19372,2,508,1,2,15,1,8,7,21
96,432,19372,2,477,1,2,20,0,10,10,21
60,238,19372,2,415,1,2,1,1,14,12,21
250,213,19372,2,343,1,2,20,1,20,17,21
64,242,19372,2,91,1,2,1,0,28,29,21
50,236,19372,2,59,1,2,0,0,30,31,21
204,302,19372,4,444,0,2,17,1,43,40,21
60,243,19372,4,62,1,2,1,0,54,57,21
61,247,19372,4,43,1,2,1,0,56,57,21
305,187,19372,5,555,0,3,26,0,61,63,21
217,418,19372,5,491,1,3,24,0,64,67,21
201,323,19372,5,351,1,2,17,0,69,69,21
191,72,19372,5,38,0,2,22,0,81,86,21
308,209,19372,6,678,0,3,26,0,85,88,21
52,246,19372,6,601,1,2,1,1,90,88,21
50,242,19372,6,576,0,2,0,1,90,88,21
242,402,19372,6,547,0,3,25,1,90,89,21
47,244,19372,6,520,1,2,1,1,92,91,21
228,172,19372,6,199,1,2,19,0,105,106,21
203,144,19372,6,140,0,2,18,1,107,106,21
250,403,19373,2,618,1,3,26,1,8,4,10
97,240,19373,2,543,1,2,5,1,13,10,10
167,189,19373,2,521,0,2,13,1,13,10,10
67,248,19373,2,411,1,2,2,0,18,18,10
68,217,19373,4,646,0,2,3,1,38,35,10
69,240,19373,4,630,0,2,2,1,40,35,10
50,240,19373,4,625,1,2,0,1,42,35,10
298,352,19373,4,512,1,3,27,1,52,39,10
141,422,19373,4,423,0,2,20,1,54,46,10
74,233,19373,4,59,1,2,3,1,70,60,10
66,249,19373,4,36,1,2,2,1,73,60,10
218,205,19373,5,682,1,2,17,1,75,63,10
296,293,19373,5,564,1,3,25,1,81,71,10
295,112,19373,5,535,1,3,28,1,84,71,10
283,82,19373,5,504,0,3,28,1,84,73,10
72,378,19373,5,370,0,2,14,1,88,75,10
91,226,19373,5,230,1,2,4,1,95,81,10
248,402,19373,6,618,1,3,26,1,111,98,10
275,403,19373,6,588,0,3,28,1,111,100,10
78,253,19373,6,583,1,2,3,1,113,100,10
272,373,19373,6,472,0,3,26,1,117,107,10
288,147,19373,6,367,0,3,26,1,119,111,10
119,202,19373,6,287,1,2,8,1,121,116,10
208,327,19373,6,178,1,2,18,1,129,124,10
264,71,19373,6,96,0,3,27,1,131,129,10
163,371,19373,6,50,1,2,17,1,135,131,10
235,249,19375,2,705,1,2,19,1,2,0,24
212,42,19375,2,662,1,3,26,1,5,2,24
66,268,19375,2,451,1,2,3,1,15,9,24
273,378,19375,2,430,0,3,26,1,15,11,24
83,240,19375,2,338,1,2,3,1,19,16,24
67,258,19375,4,688,1,2,2,1,41,30,24
166,217,19375,4,629,0,2,12,1,41,32,24
181,124,19375,4,596,1,2,17,1,43,32,24
266,386,19375,4,337,0,3,26,1,49,45,24
243,324,19375,4,286,0,2,21,1,51,45,24
332,242,19375,4,60,0,3,28,0,56,57,24
62,258,19375,5,647,1,2,2,0,62,63,24
228,259,19375,5,594,1,2,18,0,64,65,24
112,470,19375,5,390,1,3,24,0,72,74,24
306,165,19375,5,372,0,3,27,0,72,74,24
139,379,19375,5,330,0,2,17,0,72,77,24
131,360,19375,5,239,1,2,14,0,74,81,24
73,82,19375,5,208,0,2,16,0,74,84,24
265,98,19375,6,514,0,3,26,0,94,97,24
64,257,19375,6,450,0,2,2,0,97,98,24
155,46,19375,6,369,0,2,22,0,101,101,24
124,465,19375,6,216,0,3,24,0,103,106,24
57,259,19375,6,109,0,2,2,0,103,108,24
73,240,19375,6,70,1,2,2,0,107,108,24
260,384,19375,6,36,0,3,25,0,108,111,24
293,111,19377,2,678,0,3,28,0,0,0,13
139,193,19377,2,571,0,2,10,0,0,2,13
183,350,19377,2,478,1,2,17,0,6,7,13
67,468,19377,2,339,1,3,23,1,12,9,13
63,240,19377,2,318,1,2,1,1,14,9,13
322,152,19377,2,0,0,3,29,1,26,23,13
210,202,19377,4,657,0,2,16,1,27,26,13
234,181,19377,4,616,0,2,19,0,27,28,13
281,358,19377,4,587,0,3,26,0,27,30,13
83,231,19377,4,574,0,2,3,0,27,32,13
88,238,19377,4,402,1,2,4,0,38,41,13
64,212,19377,4,113,1,2,3,0,47,49,13
177,303,19377,4,45,0,2,14,0,49,53,13
91,250,19377,5,570,0,2,4,0,57,60,13
69,233,19377,5,444,1,2,2,0,65,66,13
84,247,19377,5,391,0,2,3,0,65,70,13
91,243,19377,5,45,0,2,4,0,75,88,13
74,259,19377,6,361,0,2,3,0,97,103,13
72,259,19377,6,187,1,2,3,0,106,112,13
50,240,19377,6,57,1,2,0,0,115,118,13
334,291,19377,6,27,0,3,29,0,115,118,13
51,252,19379,2,707,1,2,1,1,2,0,23
343,234,19379,2,627,1,3,29,1,10,2,23
345,243,19379,2,598,1,3,30,1,13,2,23
328,102,19379,2,457,0,3,31,1,18,9,23
200,172,19379,2,435,1,2,16,1,20,9,23
61,293,19379,2,395,0,2,5,1,20,11,23
158,340,19379,2,335,0,2,15,1,22,14,23
128,120,19379,2,40,1,2,14,1,32,26,23
89,287,19379,4,682,1,2,6,1,35,26,23
254,378,19379,4,504,0,3,25,1,38,36,23
56,77,19379,4,487,0,2,16,1,38,36,23
61,260,19379,4,441,1,2,2,0,40,42,23
299,132,19379,4,1,0,3,27,0,46,71,23
308,117,19379,5,691,0,3,29,0,47,71,23
73,147,19379,5,641,0,2,10,0,49,71,23
51,232,19379,5,610,1,2,1,0,51,73,23
254,62,19379,5,506,0,3,27,0,55,78,23
58,242,19379,5,436,1,2,1,0,62,79,23
62,265,19379,5,401,1,2,3,0,64,79,23
48,242,19379,5,280,1,2,0,0,74,81,23
47,236,19379,5,198,1,2,1,0,80,88,23
61,261,19379,5,172,1,2,2,0,82,88,23
62,152,19379,5,81,0,2,9,0,84,88,23
82,171,19379,6,186,1,2,8,1,112,105,23
168,173,19381,2,687,0,2,14,0,0,2,12
65,223,19381,2,540,1,2,2,0,2,9,12
285,339,19381,2,406,1,3,26,0,13,17,12
331,295,19381,2,378,0,3,29,0,13,20,12
105,221,19381,4,704,1,2,6,0,32,37,12
253,67,19381,4,602,1,3,27,0,36,44,12
83,240,19381,4,451,0,2,3,0,39,51,12
277,97,19381,4,86,1,3,27,0,50,67,12
273,121,19381,4,43,0,3,25,0,51,71,12
295,118,19381,4,13,1,3,27,0,54,74,12
91,221,19381,5,713,0,2,5,0,54,77,12
50,240,19381,5,709,1,2,0,0,56,77,12
301,177,19381,5,570,0,3,26,0,59,81,12
77,242,19381,5,565,1,2,3,0,61,81,12
88,263,19381,5,486,0,2,4,0,64,85,12
148,469,19381,5,447,1,3,25,0,67,85,12
182,474,19381,5,364,1,3,27,0,72,88,12
258,390,19381,5,268,0,3,26,0,74,90,12
58,245,19381,5,249,0,2,1,0,74,90,12
63,247,19381,5,245,1,2,1,0,76,90,12
66,47,19381,6,677,0,2,19,0,82,100,12
272,393,19381,6,655,1,3,27,0,85,103,12
307,213,19381,6,593,1,3,26,0,90,105,12
93,263,19381,6,514,0,2,5,0,93,109,12
69,247,19381,6,493,1,2,2,0,95,111,12
81,234,19381,6,471,1,2,3,0,97,111,12
281,358,19381,6,406,1,3,26,0,103,113,12
82,243,19381,6,360,0,2,3,0,103,113,12
243,423,19381,6,343,0,3,27,0,103,116,12
64,233,19382,2,560,1,2,2,1,8,5,25
78,200,19382,2,423,0,2,5,1,15,13,25
71,258,19382,2,354,0,2,3,0,15,17,25
140,362,19382,4,690,1,2,15,0,27,32,25
315,249,19382,4,540,0,3,27,0,32,39,25
56,234,19382,4,515,1,2,1,0,34,42,25
208,148,19382,4,454,1,2,18,0,38,44,25
97,263,19382,4,432,1,2,5,0,40,44,25
160,243,19382,4,126,0,2,11,0,49,54,25
232,329,19382,5,684,1,2,20,0,55,56,25
308,256,19382,5,650,0,3,26,0,55,58,25
301,173,19382,5,603,0,3,26,0,57,60,25
76,252,19382,5,493,0,2,3,1,64,62,25
263,404,19382,6,677,0,3,27,0,81,85,25
58,279,19382,6,621,0,2,4,0,84,85,25
105,261,19382,6,577,0,2,6,0,86,87,25
138,236,19382,6,574,1,2,9,1,88,87,25
270,374,19382,6,513,1,3,26,1,91,89,25
188,106,19382,6,403,0,2,19,1,99,89,25
326,298,19382,6,172,0,3,28,1,107,95,25
313,164,19385,2,662,0,3,27,1,3,0,2
71,299,19385,2,627,1,2,6,1,5,0,2
54,217,19385,2,537,1,2,2,1,7,4,2
351,147,19385,2,428,1,3,31,1,12,9,2
226,354,19385,2,347,0,2,21,1,14,13,2
57,259,19385,2,291,0,2,2,0,14,16,2
61,268,19385,2,290,1,2,3,0,16,16,2
47,240,19385,4,432,1,2,0,0,33,36,2
251,293,19385,4,343,0,2,21,1,37,36,2
228,254,19385,4,177,0,2,18,0,43,43,2
305,243,19385,4,155,1,3,26,1,46,45,2
323,205,19385,4,131,0,3,28,1,46,45,2
121,290,19385,5,617,0,2,9,0,54,54,2
325,293,19385,5,579,1,3,28,1,59,56,2
259,72,19385,5,512,1,3,27,1,65,56,2
75,242,19385,5,484,1,2,3,1,67,56,2
271,82,19385,5,442,0,3,27,1,67,59,2
238,147,19385,5,411,0,2,21,1,67,59,2
118,142,19385,5,332,0,2,12,1,69,62,2
73,246,19385,5,329,1,2,2,1,71,62,2
149,4,19385,6,661,0,3,26,0,81,81,2
330,251,19385,6,571,1,3,28,1,89,83,2
262,82,19385,6,535,0,3,26,1,89,83,2
243,389,19385,6,176,1,3,24,1,99,98,2
78,220,19385,6,0,0,2,3,0,105,105,2
72,265,19385,1,283,1,2,3,0,107,107,2
304,177,19385,1,256,0,3,26,0,107,110,2
108,157,19385,1,194,0,2,10,0,107,113,2
92,192,19385,1,167,1,2,6,0,111,115,2
116,308,19385,1,37,1,2,9,0,116,119,2
57,221,19388,2,648,0,2,2,0,2,2,18
52,234,19388,2,522,1,2,1,1,8,3,18
256,101,19388,2,433,0,3,25,1,10,5,18
61,112,19388,2,399,0,2,13,1,10,5,18
56,245,19388,2,296,1,2,1,1,13,5,18
274,130,19388,4,652,0,3,25,1,29,26,18
61,101,19388,4,579,0,2,14,0,31,31,18
182,31,19388,4,483,0,3,25,0,31,32,18
46,253,19388,4,136,1,2,1,0,45,51,18
136,258,19388,4,47,1,2,9,0,49,51,18
199,333,19388,5,704,0,2,18,0,52,53,18
277,348,19388,5,416,1,3,25,1,68,66,18
285,346,19388,5,388,0,3,26,1,68,66,18
158,110,19388,5,356,1,2,17,1,73,68,18
274,237,19388,5,270,0,2,22,1,73,72,18
151,264,19388,5,86,1,2,10,1,83,81,18
292,167,19388,5,41,0,3,25,1,86,81,18
164,240,19388,6,544,1,2,11,1,97,92,18
54,238,19388,6,329,0,2,0,1,107,102,18
290,163,19388,6,101,1,3,25,1,114,108,18
272,192,19388,6,72,0,2,23,1,114,110,18
294,192,19388,6,39,0,3,25,1,114,112,18
53,221,19388,1,285,1,2,2,1,116,114,18
92,217,19388,1,116,0,2,5,1,123,118,18
51,231,19388,1,19,1,2,1,1,127,121,18
63,432,19390,2,691,0,2,19,0,0,0,11
72,210,19390,2,621,0,2,4,0,0,2,11
321,219,19390,2,551,0,3,27,0,0,4,11
326,271,19390,2,358,1,3,28,0,14,15,11
62,226,19390,4,706,1,2,2,0,32,35,11
73,108,19390,4,587,1,2,13,0,38,40,11
323,197,19390,4,513,0,3,28,0,38,44,11
71,398,19390,4,347,1,2,16,0,44,54,11
72,263,19390,4,315,1,2,3,0,46,54,11
123,391,19390,4,262,0,2,17,0,48,54,11
52,219,19390,5,611,1,2,2,0,64,71,11
61,253,19390,5,514,1,2,2,0,68,75,11
123,262,19390,5,426,0,2,8,0,70,77,11
58,221,19390,5,353,1,2,2,0,72,82,11
61,261,19390,6,507,1,2,2,0,92,98,11
58,253,19390,6,368,1,2,2,0,98,104,11
174,12,19390,6,155,1,3,26,1,108,106,11
108,311,19390,6,88,0,2,9,0,108,109,11
263,373,19390,6,80,0,3,25,0,108,109,11
318,166,19392,2,673,0,3,28,1,2,0,17
182,233,19392,2,609,0,2,13,1,7,4,17
149,152,19392,2,258,1,2,13,1,22,17,17
88,363,19392,4,684,0,2,13,1,32,30,17
257,78,19392,4,659,0,3,26,0,32,32,17
263,93,19392,4,553,1,3,26,1,42,37,17
183,125,19392,4,444,0,2,18,1,44,43,17
58,238,19392,4,178,1,2,1,1,61,51,17
54,255,19392,4,97,1,2,2,1,65,56,17
103,258,19392,5,508,1,2,6,1,81,72,17
72,243,19392,5,489,1,2,2,1,84,72,17
318,198,19392,5,461,0,3,27,1,84,75,17
175,306,19392,5,411,0,2,14,1,87,77,17
54,248,19392,5,209,1,2,1,1,94,85,17
293,355,19392,5,171,0,3,27,1,94,88,17
239,80,19392,6,707,0,3,25,1,106,103,17
158,147,19392,6,587,0,2,14,0,108,108,17
43,265,19392,6,434,1,2,3,0,113,116,17
57,226,19392,6,348,1,2,2,0,118,118,17
52,227,19392,6,293,0,2,1,0,118,120,17
210,42,19392,6,52,0,3,25,0,123,129,17
57,226,19392,6,12,1,2,2,0,126,131,17
117,243,19395,2,703,0,2,7,0,0,0,19
189,243,19395,2,598,0,2,14,1,5,3,19
133,21,19395,2,423,1,3,23,1,14,11,19
308,136,19395,2,371,0,3,28,1,15,13,19
89,233,19395,2,340,1,2,4,1,17,13,19
79,242,19395,2,290,1,2,3,1,19,15,19
67,236,19395,4,699,0,2,2,0,34,36,19
81,282,19395,4,653,1,2,5,1,39,37,19
83,229,19395,4,619,1,2,4,1,42,40,19
297,224,19395,4,472,1,3,25,0,48,50,19
91,377,19395,5,686,0,2,14,0,66,76,19
291,344,19395,5,509,1,3,26,0,75,84,19
308,202,19395,5,476,1,3,26,0,78,84,19
76,258,19395,5,311,1,2,3,0,82,92,19
58,261,19395,5,273,0,2,2,0,82,92,19
75,252,19395,5,120,1,2,3,0,93,100,19
78,237,19395,5,66,1,2,3,0,97,102,19
179,192,19395,5,10,1,2,14,0,99,104,19
69,467,19395,6,446,0,3,23,0,106,116,19
67,240,19395,6,111,1,2,2,0,118,129,19
212,335,19403,2,679,1,2,19,1,5,0,17
281,97,19403,2,630,0,3,27,1,8,0,17
68,238,19403,4,581,1,2,2,1,45,32,17
322,296,19403,4,207,0,3,28,1,53,44,17
279,140,19403,5,646,0,3,25,1,56,53,17
78,237,19403,5,620,1,2,3,1,58,55,17
64,228,19403,5,533,1,2,2,1,65,56,17
304,207,19403,5,42,0,3,26,1,82,71,17
68,245,19403,6,671,1,2,2,1,91,75,17
78,253,19403,6,652,0,2,3,1,91,75,17
81,242,19403,6,636,1,2,3,1,95,75,17
58,260,19403,6,539,1,2,2,1,97,82,17
161,292,19403,6,488,0,2,12,1,98,84,17
190,33,19403,6,456,0,3,25,1,101,84,17
66,224,19411,2,704,0,2,2,0,0,0,9
73,263,19411,2,7,1,2,3,1,31,23,9
81,253,19411,4,675,1,2,3,1,33,23,9
66,206,19411,4,661,0,2,4,1,33,25,9
83,16,19411,4,482,0,3,23,1,39,33,9
172,211,19411,4,419,0,2,13,1,42,33,9
218,437,19411,4,25,0,3,26,1,59,56,9
104,240,19411,4,19,0,2,5,1,59,56,9
117,377,19411,4,5,0,2,15,1,59,56,9
242,398,19411,5,690,1,3,25,1,62,58,9
86,214,19411,5,679,0,2,4,1,62,58,9
67,243,19411,5,677,0,2,2,1,62,58,9
64,242,19411,5,676,0,2,1,1,62,58,9
51,240,19411,5,670,0,2,0,1,62,58,9
78,237,19411,5,448,0,2,3,1,74,63,9
234,54,19411,5,446,0,3,26,1,74,63,9
132,470,19411,5,434,1,3,24,1,77,63,9
216,152,19411,5,75,0,2,19,1,92,78,9
258,395,19411,6,663,0,3,26,1,98,82,9
68,241,19411,6,601,1,2,2,1,102,82,9
302,197,19414,2,468,0,3,26,0,6,9,6
46,201,19414,2,440,0,2,4,0,6,9,6
67,434,19414,2,411,0,2,19,0,8,9,6
63,245,19414,2,147,1,2,1,0,15,20,6
274,73,19414,2,46,0,3,28,0,15,26,6
94,205,19414,2,4,0,2,6,0,16,26,6
71,228,19414,4,620,0,2,2,0,16,32,6
50,240,19414,4,616,1,2,0,0,18,32,6
303,168,19414,4,529,0,3,26,0,19,38,6
58,249,19414,4,445,1,2,1,0,21,45,6
157,284,19414,4,159,1,2,12,0,37,57,6
58,226,19414,5,528,0,2,2,0,55,72,6
61,223,19414,5,397,1,2,2,0,65,72,6
98,265,19414,5,196,0,2,5,0,71,75,6
292,321,19414,6,704,1,3,25,0,81,81,6
68,225,19414,6,652,1,2,2,1,83,81,6
267,405,19414,6,574,0,3,27,0,84,86,6
54,102,19414,6,566,0,2,14,0,84,86,6
137,227,19414,6,369,1,2,9,1,95,92,6
88,247,19414,6,344,0,2,4,1,95,92,6
108,227,19414,6,303,1,2,6,1,97,95,6
218,27,19414,6,268,0,3,27,0,97,98,6
49,243,19414,6,86,1,2,0,1,106,103,6
67,230,19442,2,174,1,2,2,1,21,19,3
211,204,19442,2,139,0,2,16,1,21,19,3
121,150,19442,4,280,0,2,11,0,39,59,3
258,377,19442,4,130,0,3,25,0,47,59,3
239,227,19442,4,37,1,2,19,0,53,63,3
71,238,19442,5,568,1,2,2,0,57,72,3
86,249,19442,5,266,1,2,4,0,67,83,3
81,240,19442,6,541,1,2,3,0,84,99,3
87,229,19442,6,242,0,2,4,0,94,107,3
100,242,19442,6,164,1,2,5,0,98,110,3
307,164,19442,6,65,0,3,27,0,105,115,3
54,260,19445,2,651,0,2,2,0,2,2,3
111,401,19445,2,498,0,2,17,1,13,6,3
192,450,19445,2,488,1,3,25,1,16,6,3
80,244,19445,2,398,0,2,3,1,16,8,3
50,240,19445,2,397,1,2,0,1,18,8,3
58,221,19445,4,619,1,2,2,1,34,25,3
50,240,19445,4,338,0,2,0,0,37,39,3
326,106,19445,4,72,0,3,31,1,53,51,3
51,224,19445,4,4,1,2,2,1,59,51,3
43,100,19445,5,696,1,2,14,1,61,51,3
57,64,19445,5,654,1,2,18,1,63,53,3
282,241,19445,5,560,0,2,23,1,66,53,3
69,261,19445,5,272,0,2,3,1,77,61,3
73,467,19445,5,246,0,3,23,1,77,63,3
48,257,19445,6,619,1,2,2,1,89,76,3
51,240,19445,6,580,1,2,0,1,91,76,3
69,139,19445,6,428,1,2,10,1,100,84,3
58,247,19445,6,406,0,2,1,1,100,84,3
52,252,19445,6,327,1,2,1,1,107,90,3
67,217,19447,2,680,0,2,3,0,0,2,16
231,289,19447,2,628,0,2,19,0,1,4,16
67,262,19447,2,525,1,2,3,0,6,9,16
299,292,19447,2,104,0,3,25,0,25,25,16
75,237,19447,2,86,0,2,3,0,25,25,16
64,134,19447,2,78,0,2,11,0,25,25,16
67,252,19447,4,632,1,2,2,1,34,29,16
157,377,19447,4,609,0,2,17,1,35,32,16
64,242,19447,4,456,1,2,1,1,43,39,16
56,234,19447,4,434,0,2,1,1,43,39,16
293,184,19447,4,59,0,3,25,0,53,60,16
94,297,19447,4,0,0,2,7,0,55,65,16
51,240,19447,5,657,1,2,0,0,58,68,16
69,242,19447,5,48,1,2,2,1,90,81,16
67,235,19447,6,652,1,2,2,1,92,83,16
87,193,19447,6,544,0,2,6,1,95,83,16
93,188,19447,6,196,0,2,7,1,112,99,16
243,272,19447,6,125,0,2,20,1,114,101,16
148,468,19447,6,54,1,3,25,1,121,108,16
141,230,19449,2,638,1,2,9,1,5,2,10
230,423,19449,2,601,0,3,26,0,5,5,10
103,129,19449,2,420,0,2,12,1,16,10,10
266,228,19449,2,130,1,2,22,1,29,19,10
162,178,19449,4,683,0,2,13,1,35,21,10
61,247,19449,4,605,0,2,1,1,40,23,10
51,240,19449,4,602,1,2,0,1,42,23,10
51,246,19449,4,454,1,2,1,1,49,32,10
308,235,19449,4,419,0,3,26,1,50,34,10
295,140,19449,5,711,0,3,26,1,70,60,10
98,4,19449,5,667,0,3,24,1,70,62,10
220,46,19449,5,487,1,3,26,1,78,68,10
74,240,19449,5,75,0,2,2,1,97,81,10
220,428,19449,5,47,0,3,25,1,97,83,10
71,234,19449,5,30,1,2,2,1,99,83,10
50,240,19449,6,677,1,2,0,1,103,83,10
71,236,19449,6,542,1,2,2,1,113,88,10
333,200,19449,6,502,0,3,29,1,114,88,10
153,72,19451,2,682,0,2,20,0,0,2,26
111,407,19451,2,522,1,2,18,1,8,7,26
98,209,19451,2,165,1,2,6,1,26,19,26
53,197,19451,4,700,1,2,4,1,36,33,26
304,268,19451,4,681,0,3,26,1,36,33,26
92,275,19451,4,642,0,2,5,1,36,35,26
48,264,19451,4,627,1,2,2,1,38,35,26
251,89,19451,4,556,1,3,25,1,41,39,26
48,198,19451,4,504,1,2,4,1,45,39,26
300,265,19451,4,477,0,3,25,1,46,42,26
243,254,19451,5,581,0,2,19,1,71,62,26
256,73,19451,5,519,0,3,26,1,71,65,26
108,7,19451,5,456,1,3,24,1,77,70,26
313,263,19451,5,149,0,3,26,1,89,87,26
83,187,19451,5,24,1,2,6,1,97,91,26
353,210,19451,6,602,0,3,30,0,97,97,26
80,217,19451,6,550,1,2,4,1,102,99,26
219,96,19451,6,515,0,2,22,1,102,101,26
128,208,19451,6,243,1,2,8,1,114,106,26
58,260,19451,6,206,1,2,2,1,116,109,26
80,212,19451,6,173,0,2,4,1,117,111,26
78,207,19451,6,0,0,2,4,0,124,124,26
248,423,19451,1,276,1,3,27,0,127,127,26
241,430,19451,1,183,0,3,27,0,127,127,26
61,263,19451,1,156,1,2,3,1,129,127,26
280,112,19451,1,58,0,3,26,0,131,132,26
58,263,19451,1,27,1,2,2,1,135,133,26
72,200,19452,2,467,1,2,5,0,8,18,12
300,269,19452,4,694,0,3,25,0,31,39,12
126,240,19452,4,598,0,2,8,0,36,46,12
259,275,19452,4,494,0,2,21,0,38,52,12
252,112,19452,4,116,0,2,24,0,50,63,12
118,328,19452,4,26,0,2,11,0,52,68,12
273,103,19452,5,669,1,3,26,0,55,76,12
63,216,19452,5,635,1,2,3,0,57,76,12
365,180,19452,5,539,1,3,32,0,60,77,12
61,258,19452,5,507,1,2,2,0,62,77,12
339,372,19452,5,453,0,3,32,0,63,77,12
58,231,19452,5,389,1,2,1,0,69,79,12
130,141,19452,5,313,0,2,13,0,71,79,12
63,268,19452,5,97,1,2,3,0,80,89,12
61,262,19452,5,34,1,2,2,0,82,91,12
60,257,19452,6,594,1,2,2,0,86,100,12
56,222,19452,6,466,1,2,2,0,92,106,12
318,313,19452,6,254,1,3,28,0,97,114,12
60,254,19452,6,174,1,2,2,0,102,116,12
303,92,19452,6,94,1,3,29,0,108,118,12
72,92,19454,2,609,0,2,15,1,5,2,22
75,111,19454,2,454,0,2,13,1,8,4,22
317,259,19454,2,392,1,3,27,1,13,11,22
57,241,19454,4,666,1,2,1,0,32,34,22
205,452,19454,4,516,0,3,26,0,39,41,22
295,340,19454,4,448,0,3,26,0,42,44,22
68,273,19454,4,46,0,2,4,0,55,60,22
125,258,19454,5,674,0,2,8,0,61,64,22
315,177,19454,5,464,1,3,27,1,72,68,22
86,263,19454,5,436,0,2,4,1,72,70,22
119,242,19454,5,390,0,2,7,0,72,75,22
274,103,19454,6,668,0,3,26,1,96,94,22
155,238,19454,6,602,1,2,11,1,98,96,22
84,258,19454,6,556,0,2,4,1,100,96,22
66,243,19454,6,544,1,2,2,1,102,96,22
274,388,19454,6,454,1,3,27,1,107,96,22
160,315,19454,6,336,0,2,13,1,109,98,22
133,192,19454,6,139,0,2,10,1,115,105,22
240,428,19454,6,77,0,3,27,1,118,105,22
58,214,19456,2,611,0,2,3,1,4,3,26
68,232,19456,2,588,0,2,2,1,4,3,26
45,17,19456,2,584,1,3,22,1,7,3,26
262,353,19456,2,551,1,3,24,1,10,3,26
278,340,19456,2,529,1,3,25,1,13,3,26
318,214,19456,2,457,0,3,27,1,15,5,26
246,200,19456,4,688,1,2,20,1,33,25,26
308,82,19456,4,627,0,3,30,1,36,28,26
263,376,19456,4,519,0,3,25,1,38,35,26
64,232,19456,4,426,1,2,2,1,44,40,26
59,230,19456,4,130,1,2,1,1,58,52,26
188,157,19456,4,5,0,2,16,1,65,56,26
299,219,19456,5,703,0,3,25,1,65,56,26
303,257,19456,5,566,1,3,25,1,77,63,26
165,258,19456,5,480,1,2,12,1,79,72,26
213,365,19456,5,417,0,2,21,1,81,77,26
279,242,19456,5,268,0,2,23,1,88,82,26
68,245,19456,5,232,1,2,2,1,90,82,26
293,173,19456,6,515,1,3,25,1,110,101,26
306,253,19456,6,365,0,3,26,1,115,108,26
343,166,19456,6,212,1,3,30,1,120,115,26
334,301,19456,6,175,0,3,29,1,120,115,26
105,260,19456,6,119,0,2,6,1,120,117,26
303,211,19456,6,67,1,3,26,1,125,117,26
301,429,19456,6,39,1,3,31,1,128,117,26
212,259,19458,2,688,0,2,16,0,0,0,16
202,364,19458,2,639,0,2,20,1,2,1,16
274,112,19458,2,615,0,3,26,1,2,1,16
72,242,19458,2,530,1,2,2,0,4,7,16
79,263,19458,2,321,1,2,4,0,12,16,16
76,236,19458,4,692,1,2,3,0,24,31,16
261,219,19458,4,626,1,2,21,0,27,35,16
87,228,19458,4,582,1,2,4,0,29,35,16
214,422,19458,4,470,1,3,24,0,34,42,16
74,233,19458,4,216,1,2,3,1,45,44,16
238,429,19458,4,141,0,3,27,0,47,49,16
71,234,19458,4,114,0,2,2,0,47,51,16
279,384,19458,5,658,1,3,27,0,52,62,16
85,240,19458,5,548,1,2,4,0,57,65,16
53,238,19458,5,443,1,2,0,0,61,68,16
64,236,19458,5,22,1,2,1,0,79,86,16
81,199,19458,6,269,0,2,5,0,90,95,16
153,254,19458,6,156,0,2,10,0,92,95,16
283,356,19458,6,122,1,3,26,0,95,95,16
213,434,19458,6,81,0,3,25,0,95,95,16
206,189,19458,1,162,0,2,16,1,103,98,16
257,62,19463,2,493,0,3,27,0,8,9,13
233,49,19463,2,419,0,3,26,0,11,13,13
115,198,19463,2,386,0,2,8,0,13,13,13
61,253,19463,2,360,1,2,2,1,17,13,13
209,102,19463,4,702,0,2,21,1,32,27,13
56,217,19463,4,642,1,2,2,1,37,31,13
71,212,19463,4,593,0,2,3,1,37,33,13
57,253,19463,4,410,1,2,1,1,45,42,13
247,62,19463,4,361,0,3,26,1,47,42,13
94,213,19463,4,129,1,2,5,0,54,56,13
248,418,19463,5,612,0,3,27,0,63,67,13
75,275,19463,5,591,1,2,4,0,65,67,13
289,171,19463,5,529,0,3,25,0,65,70,13
248,444,19463,5,509,1,3,28,0,68,72,13
318,236,19463,5,32,1,3,27,1,94,88,13
216,423,19463,6,326,1,3,25,1,108,101,13
58,253,19466,2,641,1,2,2,1,2,0,13
75,259,19466,2,619,0,2,3,1,2,0,13
331,298,19466,2,582,0,3,29,1,3,0,13
253,340,19466,2,511,1,2,23,1,5,4,13
56,250,19466,4,695,1,2,1,0,21,30,13
71,257,19466,4,608,0,2,3,0,23,35,13
263,91,19466,4,546,1,3,26,0,28,39,13
56,247,19466,4,456,1,2,1,0,32,39,13
316,260,19466,4,409,0,3,27,0,32,41,13
272,126,19466,5,599,0,3,25,0,46,66,13
151,468,19466,5,574,0,3,25,0,46,66,13
56,230,19466,5,515,1,2,1,0,50,66,13
157,272,19466,5,490,1,2,11,0,52,66,13
62,237,19466,5,370,1,2,1,0,56,69,13
59,259,19466,5,340,0,2,2,0,56,69,13
299,137,19466,5,0,0,3,27,0,71,83,13
231,248,19466,6,529,0,2,18,0,75,86,13
57,243,19466,6,487,1,2,1,0,77,86,13
266,106,19466,6,305,0,3,25,0,82,91,13
61,237,19466,6,228,1,2,1,0,86,92,13
54,256,19466,6,190,1,2,2,0,88,94,13
259,123,19466,6,79,0,3,24,0,88,99,13
51,240,19466,6,71,1,2,0,0,90,99,13
123,225,19469,2,700,1,2,7,1,2,0,13
208,183,19469,2,654,1,2,17,1,6,0,13
279,356,19469,2,636,0,3,26,1,6,0,13
290,317,19469,2,594,0,3,25,1,6,0,13
68,232,19469,2,547,1,2,2,1,8,2,13
83,241,19469,2,350,1,2,3,1,20,4,13
58,240,19469,4,545,1,2,1,1,42,13,13
213,131,19469,4,455,1,2,20,1,44,15,13
226,122,19469,4,281,0,2,21,1,46,22,13
262,97,19469,4,78,0,3,26,1,53,30,13
53,86,19469,5,686,0,2,15,1,54,37,13
50,240,19469,5,630,1,2,0,1,58,40,13
56,232,19469,5,526,1,2,1,1,63,42,13
77,239,19469,5,438,1,2,3,1,67,48,13
63,229,19469,5,357,0,2,2,1,69,53,13
50,346,19469,6,695,0,2,11,1,88,68,13
240,75,19469,6,552,0,3,25,1,91,72,13
67,239,19469,6,409,0,2,2,1,94,80,13
61,226,19469,6,241,1,2,2,1,106,90,13
53,215,19469,6,201,0,2,3,1,106,90,13
303,152,19471,2,34,1,3,27,1,29,23,13
319,212,19471,2,1,0,3,27,1,29,23,13
313,197,19471,4,706,0,3,27,1,29,23,13
86,238,19471,4,504,1,2,4,1,40,30,13
223,107,19471,4,457,1,2,22,1,42,30,13
70,231,19471,4,355,1,2,2,1,46,33,13
288,363,19471,4,65,0,3,27,1,54,47,13
98,187,19471,5,463,0,2,7,1,66,64,13
69,238,19471,5,47,1,2,2,0,78,79,13
77,244,19471,6,679,0,2,3,0,81,83,13
50,240,19471,6,617,0,2,0,1,84,83,13
50,240,19471,6,616,0,2,0,1,84,83,13
284,124,19471,6,566,0,3,26,0,84,87,13
299,113,19471,6,522,0,3,28,0,84,87,13
92,250,19471,6,0,1,2,4,0,104,104,13
69,258,19471,1,230,1,2,3,1,108,104,13
210,38,19471,1,98,0,3,26,1,109,106,13
68,231,19471,1,29,1,2,2,1,113,108,13
56,240,19473,2,683,1,2,1,0,2,2,13
278,87,19473,2,587,0,3,27,0,4,9,13
263,363,19473,2,86,0,3,25,0,24,32,13
279,117,19473,2,48,0,3,26,0,24,35,13
67,253,19473,2,9,0,2,2,0,24,35,13
72,229,19473,4,605,0,2,2,0,30,40,13
77,224,19473,4,489,0,2,3,0,31,43,13
59,242,19473,4,199,1,2,1,0,44,56,13
307,243,19473,4,9,0,3,26,0,52,61,13
52,257,19473,5,409,1,2,2,0,67,68,13
56,246,19473,5,351,1,2,1,0,69,73,13
298,238,19473,5,311,1,3,25,0,72,75,13
293,142,19473,6,692,0,3,26,0,76,96,13
263,100,19473,6,666,0,3,26,0,76,98,13
272,127,19473,6,398,0,3,25,0,87,106,13
100,285,19473,6,323,0,2,7,0,91,106,13
294,202,19473,6,292,0,3,25,0,91,106,13
60,248,19475,2,507,1,2,1,0,9,9,13
83,242,19475,2,371,1,2,3,1,16,11,13
279,342,19475,2,353,0,3,25,1,16,11,13
241,67,19475,2,324,1,3,26,1,19,11,13
70,262,19475,4,702,1,2,3,1,33,20,13
47,385,19475,4,483,1,2,15,1,39,27,13
69,262,19475,4,350,1,2,3,1,45,27,13
42,238,19475,4,52,1,2,1,1,59,42,13
257,62,19475,4,12,0,3,27,1,59,42,13
273,96,19475,5,370,0,3,27,1,80,52,13
68,206,19475,5,139,0,2,4,1,91,59,13
64,98,19475,5,132,1,2,14,1,93,59,13
324,157,19475,5,27,1,3,29,1,100,64,13
220,105,19479,2,646,1,2,22,0,2,5,9
269,137,19479,2,604,0,3,24,0,2,5,9
266,57,19479,2,579,0,3,28,0,2,5,9
249,205,19479,4,548,0,2,20,1,36,35,9
131,265,19479,4,524,1,2,8,1,38,35,9
72,277,19479,4,374,1,2,4,1,46,44,9
110,256,19479,4,339,0,2,6,1,46,44,9
67,183,19479,4,74,1,2,6,1,61,56,9
215,334,19479,4,2,1,2,19,1,65,64,9
142,380,19479,5,702,0,2,17,1,65,64,9
269,384,19479,5,604,0,3,26,0,67,68,9
289,359,19479,5,438,0,3,27,1,75,73,9
67,208,19479,5,388,0,2,4,1,78,76,9
284,76,19479,5,323,1,3,29,1,86,76,9
273,395,19479,6,684,0,3,27,1,96,90,9
77,215,19479,6,647,1,2,4,1,98,92,9
49,273,19479,6,530,1,2,3,1,103,95,9
236,237,19479,6,490,0,2,19,1,103,95,9
202,349,19479,6,358,1,2,19,1,112,98,9
277,80,19479,6,297,0,3,28,1,112,104,9
50,240,19479,6,260,0,2,0,1,112,106,9
50,240,19479,6,260,0,2,0,1,112,106,9
151,231,19479,6,183,0,2,10,1,112,106,9
316,119,19479,6,20,0,3,29,1,115,112,9
80,376,19481,2,674,0,2,14,0,0,0,9
230,62,19481,2,616,1,3,25,0,3,4,9
136,238,19481,2,418,1,2,9,0,11,12,9
220,444,19481,2,393,1,3,27,1,14,12,9
133,142,19481,2,131,1,2,13,1,26,19,9
261,101,19481,2,89,0,3,25,1,26,22,9
73,283,19481,2,67,1,2,5,1,28,22,9
175,118,19481,2,2,1,2,17,1,33,26,9
280,395,19481,4,608,0,3,28,1,35,33,9
64,212,19481,4,508,1,2,3,0,37,38,9
313,319,19481,4,467,1,3,27,0,40,40,9
85,198,19481,4,97,1,2,5,0,52,63,9
84,197,19481,4,23,0,2,6,0,54,65,9
316,231,19481,5,692,0,3,27,0,56,67,9
228,137,19481,5,614,0,2,21,0,60,68,9
140,232,19481,5,533,1,2,9,0,62,74,9
128,10,19481,5,347,0,3,24,0,69,88,9
195,30,19481,5,48,0,3,26,0,78,105,9
214,152,19483,4,482,0,2,19,0,29,37,9
68,236,19483,4,322,1,2,2,0,37,40,9
152,193,19483,4,300,0,2,11,0,39,40,9
138,460,19483,4,283,1,3,24,1,42,40,9
254,384,19483,4,238,0,3,25,0,42,42,9
210,447,19483,5,616,1,3,26,1,64,50,9
255,75,19483,5,530,0,3,26,1,65,50,9
88,254,19483,5,355,0,2,4,1,71,57,9
66,252,19483,5,271,1,2,2,1,76,61,9
63,227,19483,5,141,1,2,2,1,80,66,9
108,192,19483,5,61,1,2,7,1,86,66,9
253,349,19485,2,553,0,2,23,1,6,5,9
117,243,19485,2,461,1,2,7,0,8,11,9
88,394,19485,2,375,0,2,16,0,10,11,9
65,221,19485,2,113,1,2,2,1,20,16,9
73,237,19485,2,56,1,2,2,1,22,18,9
288,139,19485,2,0,0,3,26,1,22,21,9
75,256,19485,4,603,1,2,3,0,28,29,9
250,239,19485,4,565,0,2,20,0,28,31,9
281,356,19485,4,416,0,3,26,0,32,33,9
117,467,19485,4,372,1,3,24,1,38,33,9
167,470,19485,4,0,0,3,26,0,49,52,9
58,469,19485,5,587,1,3,23,0,54,57,9
64,232,19485,5,565,1,2,2,0,56,57,9
199,362,19485,5,498,0,2,19,0,59,59,9
303,174,19485,5,485,0,3,26,0,59,61,9
94,255,19485,5,354,0,2,5,0,61,71,9
91,295,19485,5,351,0,2,7,0,61,71,9
72,278,19485,5,302,0,2,4,0,63,73,9
63,234,19485,5,175,1,2,1,0,70,77,9
77,257,19485,5,117,1,2,3,0,74,79,9
255,57,19485,5,65,0,3,28,0,75,81,9
256,411,19485,5,8,0,3,27,0,77,84,9
115,221,19485,6,665,1,2,7,0,82,84,9
100,271,19485,6,191,0,2,6,0,96,96,9
327,322,19485,6,47,0,3,29,1,102,101,9
205,46,19487,2,657,0,3,25,0,1,3,9
131,262,19487,2,428,1,2,8,0,7,17,9
73,221,19487,2,404,0,2,3,0,7,17,9
249,72,19487,4,665,1,3,26,1,34,32,9
97,283,19487,4,588,0,2,6,0,36,36,9
298,232,19487,4,556,1,3,25,1,39,38,9
80,200,19487,4,408,1,2,5,0,47,50,9
261,94,19487,4,369,1,3,26,0,50,50,9
289,94,19487,4,222,0,3,28,0,54,58,9
118,220,19487,4,53,0,2,7,0,59,64,9
243,52,19487,5,664,0,3,27,0,59,74,9
79,283,19487,5,532,1,2,5,0,63,79,9
118,194,19487,5,140,0,2,8,0,75,91,9
89,239,19487,5,16,1,2,4,0,82,93,9
284,385,19487,6,546,0,3,28,0,84,97,9
158,200,19487,6,502,1,2,12,0,86,99,9
50,240,19487,6,217,1,2,0,0,100,111,9
80,252,19489,2,706,1,2,3,1,2,0,9
69,223,19489,2,668,1,2,3,1,4,2,9
298,197,19489,2,360,1,3,25,1,22,9,9
86,118,19489,2,251,0,2,13,1,27,10,9
57,335,19489,2,222,0,2,10,1,27,10,9
186,22,19489,4,362,1,3,26,1,45,35,9
315,286,19489,4,198,0,3,27,1,51,41,9
129,263,19489,5,645,1,2,8,1,61,48,9
67,250,19489,5,513,1,2,2,1,68,53,9
77,234,19489,5,491,1,2,3,1,70,53,9
67,232,19489,5,348,0,2,2,1,76,58,9
68,234,19489,5,190,1,2,2,1,83,65,9
82,244,19489,5,151,1,2,3,1,85,67,9
94,245,19489,6,615,1,2,4,1,95,80,9
53,222,19493,2,696,1,2,2,1,2,0,7
108,330,19493,2,602,0,2,11,0,2,6,7
292,152,19493,2,550,0,3,26,0,5,9,7
64,231,19493,2,439,0,2,2,0,9,16,7
54,279,19493,2,133,1,2,4,0,21,34,7
49,214,19493,2,80,1,2,3,0,23,34,7
85,152,19493,2,0,1,2,10,0,25,37,7
62,219,19493,4,596,1,2,2,0,29,44,7
88,218,19493,5,692,1,2,4,0,56,72,7
309,314,19493,5,629,0,3,27,0,58,78,7
213,104,19493,5,350,1,2,21,0,72,90,7
59,219,19493,5,293,1,2,2,0,76,93,7
75,276,19493,6,678,1,2,4,0,94,106,7
147,155,19493,6,157,0,2,13,0,121,125,7
307,150,19493,6,45,0,3,27,0,126,129,7
340,189,19493,6,9,0,3,29,0,126,132,7
44,252,19495,2,409,1,2,1,1,16,15,7
57,262,19495,4,707,1,2,2,1,29,27,7
69,244,19495,4,562,1,2,2,1,36,27,7
63,273,19495,4,535,0,2,4,1,36,30,7
68,220,19495,4,346,0,2,3,1,45,36,7
68,226,19495,4,296,0,2,2,1,47,42,7
289,408,19495,4,221,0,3,29,1,49,44,7
285,421,19495,4,161,0,3,30,1,49,48,7
56,221,19495,4,101,1,2,2,1,51,48,7
62,263,19495,5,573,1,2,3,1,62,52,7
68,252,19495,5,407,1,2,2,1,68,57,7
346,159,19495,5,16,0,3,31,1,79,74,7
314,98,19495,6,613,0,3,30,1,81,79,7
318,278,19495,6,590,0,3,27,0,81,81,7
316,120,19495,6,455,0,3,29,0,83,84,7
93,284,19495,6,277,1,2,6,0,89,99,7
63,263,19495,6,236,1,2,3,0,91,99,7
66,258,19495,6,26,0,2,2,0,99,103,7
78,212,19495,6,21,1,2,4,0,101,105,7
63,262,19497,2,343,0,2,3,0,9,17,7
237,382,19497,2,156,1,2,23,0,14,26,7
130,232,19497,2,123,1,2,8,0,16,28,7
308,224,19497,2,4,0,3,26,0,20,32,7
322,231,19497,4,549,0,3,27,0,28,36,7
69,260,19497,4,384,1,2,3,0,41,47,7
243,80,19497,4,111,0,3,25,0,50,55,7
66,258,19497,4,50,1,2,2,0,53,55,7
131,251,19497,5,602,0,2,8,0,57,63,7
85,303,19497,5,405,0,2,7,0,64,71,7
290,342,19497,5,44,1,3,26,0,79,83,7
101,467,19497,5,25,1,3,23,0,82,83,7
228,333,19497,5,1,0,2,20,0,82,84,7
308,264,19497,6,622,0,3,26,1,85,84,7
60,251,19497,6,570,0,2,1,0,87,89,7
58,220,19497,6,516,1,2,2,0,90,91,7
315,242,19497,6,360,0,3,27,0,94,102,7
128,462,19497,6,214,1,3,24,0,101,108,7
306,280,19497,6,87,0,3,26,0,103,114,7
38,86,19499,2,644,0,2,15,1,2,0,7
67,212,19499,2,445,1,2,3,1,13,7,7
268,109,19499,2,336,1,3,25,1,18,15,7
108,244,19499,2,309,1,2,6,1,20,15,7
56,471,19499,2,267,1,3,23,1,23,15,7
93,268,19499,2,169,1,2,5,1,25,22,7
84,244,19499,2,142,0,2,3,1,26,22,7
291,338,19499,2,128,1,3,26,1,29,22,7
268,99,19499,2,42,1,3,26,1,32,24,7
72,238,19499,4,557,1,2,2,1,43,33,7
81,249,19499,4,470,1,2,3,1,45,38,7
50,240,19499,4,318,1,2,0,1,55,43,7
87,257,19499,4,248,1,2,4,1,59,46,7
262,85,19499,5,327,0,3,26,1,81,78,7
95,228,19499,5,261,0,2,5,0,81,83,7
90,236,19499,5,167,1,2,4,0,85,86,7
109,273,19499,5,100,1,2,7,0,87,88,7
317,189,19499,5,66,0,3,27,0,87,91,7
90,248,19499,5,10,1,2,4,0,89,94,7
293,333,19499,6,452,0,3,26,0,98,100,7
118,274,19499,6,409,0,2,8,0,98,102,7
109,221,19499,6,303,0,2,6,0,100,102,7
78,254,19499,6,200,1,2,3,0,104,107,7
78,46,19499,6,26,0,2,20,0,111,113,7
58,192,19499,6,1,0,2,5,0,111,113,7
